Baye Saer,Mbow,mbowbayesaer4@gmail.com,M,762895563,6,WEB
Saliou,Mbow,msaliou@gmail.com,M,762895563,6,WEB
Rama,Seck,rm2022@gmail.com,M,784367867,6,WEB
Fatou,Diop,dfatou@gmail.com,F,762895563,5,WEB
Faly,Mbow,fm8@gmail.com,M,762895563,5,REF DIG
Jean,Paul,jp@gmail.com,M,762895563,5,HACKEUSE
Balla,Mbow,mblla@gmail.com,M,762895563,5,HACKEUSE
Saliou,Mbow,msaliou@gmail.com,M,762895563,6,WEB
Rama,Seck,ramsess432@gmail.com,F,762895563,6,HACKEUSE
Fatou,Diop,dfatou@gmail.com,M,762895563,6,REF DIG
Oumy,Sagna,salma@gmail.com,F,762895563,6,HACKEUSE
Jean,Paul,jp@gmail.com,M,762895563,5,WEB
Fallou,Wane,fallouewane@gmail.com,M,702318943,5,REF DIG
issa,ndiaye,issababandiaye@gmail.com,M,755261089,5,WEB
adja,Dione,ad2@gmail.com,F,702895563,4,WEB
Modou,Mbengue,mm@gmail.com,M,772895563,4,REF DIG
Diarra,Fall,ad2@gmail.com,F,702895563,3,DATA ARTISAN
Jules,Sagna,JPS@gmail.com,M,772895563,3,REF DIG
Balla,Faye,ad2@gmail.com,F,702895563,3,WEB
Junior,wade,jw@gmail.com,M,772895563,3,DATA ARTISAN
Sidy,Diop,sididiop53@gmail.com,M,762895563,2,REF DIG
Leush,Loume,salma@gmail.com,M,752895563,2,WEB
Fodé,Syll,ad2@gmail.com,F,702895563,1,REF DIG
Habib,Diattara,jw@gmail.com,M,772895563,1,WEB
Abdou,Senior,sididiop53@gmail.com,M,762895563,1,REF DIG
Leush,Loume,salma@gmail.com,M,752895563,1,WEB